{
	"class_name" : "PinholeCameraParameters",
	"extrinsic" : 
	[
		0.98263106172817372,
		0.14467279139937483,
		0.11621523116904797,
		0.0,
		0.16017252786487346,
		-0.97746789456424554,
		-0.13748191304137972,
		0.0,
		0.093706765200483877,
		0.15370848553301844,
		-0.98366292175257242,
		0.0,
		0.01569810531504422,
		0.16504672483123034,
		0.14701336716563196,
		1.0
	],
	"intrinsic" : 
	{
		"height" : 1055,
		"intrinsic_matrix" : 
		[
			913.65680099258282,
			0.0,
			0.0,
			0.0,
			913.65680099258282,
			0.0,
			959.5,
			527.0,
			1.0
		],
		"width" : 1920
	},
	"version_major" : 1,
	"version_minor" : 0
}